variant,group,aggregation_mode,included_indicators,indicator_count,ann_return,ann_vol,sharpe,max_drawdown,calmar,avg_turnover,ending_equity_net,periods,buy_count,hold_count,sell_count,delta_sharpe_vs_baseline,rank_by_sharpe,selected_indicator
single_indicator_spx_trend,single_indicator,dynamic,spx_trend,1,0.06766534204156294,0.07462947280238048,0.9167728214768568,-0.16086047032582995,0.42064617804799287,0.13337988826815642,7.052046429161966,358,189,23,148,0.07891359728977343,2,spx_trend
single_indicator_risk_breadth,single_indicator,dynamic,risk_breadth,1,0.0678382229770691,0.07787318285804577,0.8837988806626074,-0.15462395694112985,0.43873035148684764,0.22835195530726252,7.086192682858116,358,196,15,149,0.045939656475524004,5,risk_breadth
single_indicator_credit_vs_rates,single_indicator,dynamic,credit_vs_rates,1,0.06983138031224967,0.0804785043367837,0.8810807908292677,-0.2628668694940982,0.2656530297889727,0.23114525139664796,7.491591455080712,358,194,15,151,0.04322156664218435,6,credit_vs_rates
single_indicator_bcom_trend,single_indicator,dynamic,bcom_trend,1,0.04553775607257338,0.07798618941061604,0.610911974125624,-0.18996545431086898,0.23971598540255173,0.12779329608938544,3.7754465724001025,358,170,23,167,-0.22694725006145933,10,bcom_trend
