Model,Annualized Return,Volatility,Sharpe Ratio,Max Drawdown,Win Rate,Cumulative Return,Information Ratio,Strategy-SPX Correlation,Indicator Pair Correlation,Indicator-to-SPX Correlation,Precision,Recall,F1 Score,Periods
Trend Aware (Original),0.12150163550792814,0.12056594144718051,1.0077608489554868,-0.2367609012082309,0.6601123595505618,29.019079250538685,0.231583895018052,0.5580108717401709,0.16913930945087213,0.1543412626996403,0.6376404494382022,1.0,0.7787307032590051,356
Buy & Hold SPX,0.08286768060470528,0.15323633771503972,0.540783484128987,-0.5255586105409906,0.6376404494382022,9.610518977536785,0.0,1.0,,,0.6376404494382022,1.0,0.7787307032590051,356
60/40 SPX-Treasury,0.05680355478747079,0.16873153634861018,0.3366504923543812,-0.4801384283033495,0.5842696629213483,4.150268550919327,-0.1627898046351902,0.6536346746783055,,,0.6376404494382022,1.0,0.7787307032590051,356
EqualWeight 25/25/25/25,0.042831217606265515,0.1094596100075041,0.39129700538243456,-0.34400175216901774,0.5955056179775281,2.4701589129832193,-0.36246286087411794,0.6247671713664616,,,0.6376404494382022,1.0,0.7787307032590051,356
Simple Trend (SMA10/12),0.07658850087709834,0.12105985135221552,0.6326498836866175,-0.22527479294394115,0.4887640449438202,7.929124071237355,-0.10936956822954981,0.7862240067217433,,,0.651685393258427,0.7665198237885462,0.7044534412955465,356
