Model,Annualized Return,Volatility,Sharpe Ratio,Max Drawdown,Win Rate,Cumulative Return,Information Ratio,Strategy-SPX Correlation,Indicator Pair Correlation,Indicator-to-SPX Correlation,Precision,Recall,F1 Score,Periods
Trend Aware (Original),0.12150163550792814,0.12056594144718051,1.0077608489554868,-0.2367609012082309,0.6601123595505618,29.019079250538685,0.231583895018052,0.5580108717401709,0.16913930945087213,0.1543412626996403,0.6376404494382022,1.0,0.7787307032590051,356
