Model,Annualized Return,Volatility,Sharpe Ratio,Max Drawdown,Win Rate,Cumulative Return,Information Ratio,Strategy-SPX Correlation,Indicator Pair Correlation,Indicator-to-SPX Correlation,Precision,Recall,F1 Score,Periods
Trend Aware (Original),0.12150163550792814,0.12056594144718051,1.0077608489554868,-0.2367609012082309,0.6601123595505618,29.019079250538685,0.231583895018052,0.5580108717401709,0.16913930945087213,0.1543412626996403,0.6376404494382022,1.0,0.7787307032590051,356
Primary Joubert+QuantAtoZ,0.08737696003428552,0.14878363513043763,0.5872753408510467,-0.4845888635777462,0.6443514644351465,4.3036011540102335,-0.028619292112233276,0.9837431581877806,0.28212125404640936,0.03637448593568579,0.6623931623931624,0.9872611464968153,0.7928388746803069,239
