,rates_phase,credit_phase,spx_phase,commodities_phase,spx_roc_3m
rates_phase,1.0,-0.23123957842381304,0.30481502529149496,0.22036441029765513,-0.11039963898705966
credit_phase,-0.23123957842381304,1.0,0.23045077878081907,-0.04307444485113479,0.10592381872772785
spx_phase,0.30481502529149496,0.23045077878081907,1.0,0.18663179462221266,-0.12325232749366334
commodities_phase,0.22036441029765513,-0.04307444485113479,0.18663179462221266,1.0,-0.13524127703314062
spx_roc_3m,-0.11039963898705966,0.10592381872772785,-0.12325232749366334,-0.13524127703314062,1.0
