,ann_return,ann_vol,sharpe,max_drawdown,calmar,avg_turnover
PrimaryV1,0.06626765265654377,0.07643649612411905,0.8796650836871608,-0.16767783111002343,0.39520819310372407,0.19483240223463688
