,ann_return,ann_vol,sharpe,max_drawdown,calmar,avg_turnover
PrimaryV1,0.06490311630879031,0.07698970006849709,0.8571897366471355,-0.18760752174080875,0.34595156796782345,0.07192737430167598
