,ann_return,ann_vol,sharpe,max_drawdown,calmar,avg_turnover
PrimaryV1,0.07092419943478778,0.07672121277401321,0.9337938790632342,-0.16767783111002332,0.4229789887266029,0.17248603351955302
