,ann_return,ann_vol,sharpe,max_drawdown,calmar,avg_turnover
PrimaryV1,0.06329698638716907,0.07695453172144481,0.8378592241870834,-0.22082102378745228,0.2866438407970365,0.18924581005586588
