,ann_return,ann_vol,sharpe,max_drawdown,calmar,avg_turnover,info_ratio,win_rate,payout_ratio,pi_plus,pi_minus
EqualWeight25,0.04779224740623822,0.07180757515451636,0.6875760029015257,-0.268989713633188,0.177673141328411,0.0,,0.6564245810055865,0.8883360177829042,0.015257750088652476,-0.01717565176151761
BuyHoldSPX,0.08266221797183504,0.15280951532020395,0.5986201850291519,-0.5256047578474934,0.15727068055921187,0.0,0.3869400237899761,0.6368715083798883,0.8866689647395685,0.033532456140350865,-0.03781846153846152
60/40,0.06936597105806142,0.0932513995055224,0.7678702017279659,-0.307768553209842,0.22538355635952997,0.0,0.4340133610709618,0.6424581005586593,0.9844766959384772,0.02136606260869564,-0.021702964322916657
SimpleTrend,0.08624943795719764,0.12910389022507546,0.7077789569351693,-0.26716942561658086,0.3228267521934774,0.08100558659217877,0.4020301464423476,0.6229050279329609,1.0246280335377886,0.029876539985052308,-0.029158425308641968
PrimaryV1,0.0837601104874881,0.06571905114772504,1.260635684154342,-0.14427929995663558,0.5805414256422297,0.04986033519553073,0.6383435677439131,0.6899441340782123,1.140561305742194,0.016512785762483127,-0.014477771321321314
