,ann_return,ann_vol,sharpe,max_drawdown,calmar,avg_turnover,info_ratio,win_rate,payout_ratio,pi_plus,pi_minus
PrimaryV1,0.0837601104874881,0.06571905114772504,1.260635684154342,-0.14427929995663558,0.5805414256422297,0.04986033519553073,,0.6899441340782123,1.140561305742194,0.016512785762483127,-0.014477771321321314
