Model,Annualized Return,Volatility,Sharpe Ratio,Max Drawdown,Win Rate,Cumulative Return,Information Ratio,Strategy-SPX Correlation,Indicator Pair Correlation,Indicator-to-SPX Correlation,Precision,Recall,F1 Score,Periods
Primary Joubert+QuantAtoZ,0.06035438911884561,0.13585154563489735,0.4442672244675725,-0.42154956525630616,0.5397489539748954,2.212919526650059,-0.4049561328637184,0.8899022002595751,0.28212125404640936,0.03637448593568579,0.5663265306122449,0.8102189781021898,0.6666666666666667,239
Buy & Hold SPX,0.08782884190181162,0.1512025581786347,0.5808687561889548,-0.5255586105409904,0.6569037656903766,4.347670866892174,0.0,1.0,,,0.5732217573221757,1.0,0.7287234042553191,239
60/40 SPX-Treasury,0.0683661092895329,0.18199461189666027,0.3756490842066928,-0.46824263753154594,0.6150627615062761,2.732576484540195,-0.08522784848101793,0.601144357763537,,,0.5732217573221757,1.0,0.7287234042553191,239
EqualWeight 25/25/25/25,0.04157428567320265,0.12294545592545854,0.33815227541560394,-0.3440017521690175,0.602510460251046,1.250768367541765,-0.3857536600052018,0.6128235944834022,,,0.5732217573221757,1.0,0.7287234042553191,239
Simple Trend (SMA10/12),0.07341892227970792,0.11984451037547263,0.6126181503824129,-0.22527479294394115,0.5230125523012552,3.1003490812530856,-0.19029426670533994,0.7861845760887686,,,0.5767195767195767,0.7956204379562044,0.6687116564417178,239
