,evaluation_scope,ann_return,ann_vol,sharpe,max_drawdown,calmar,avg_turnover,info_ratio,win_rate,payout_ratio,pi_plus,pi_minus,delta_vs_standard
WalkForwardStrict,oos_walk_forward,0.07623380328766083,0.06840923506677837,1.1111205532231394,-0.1442792999566357,0.528376581467844,0.05271966527196653,0.6631901843648484,0.6736401673640168,1.1127065461141339,0.016654268322981326,-0.014967349999999949,0.0
EqualWeight25OOS,oos_walk_forward_benchmark,0.037775111393209215,0.07616464187298613,0.5260698202045653,-0.2689897136331879,0.14043329346311675,0.0,,0.6485355648535565,0.8165992327785709,0.015306974999999994,-0.018744782490079357,-0.03845869189445161
