,ann_return,ann_vol,sharpe,max_drawdown,calmar,avg_turnover,info_ratio,win_rate,payout_ratio,pi_plus,pi_minus,delta_vs_standard
WalkForwardStrict,0.07623380328766083,0.06840923506677847,1.1111205532231396,-0.1442792999566357,0.528376581467844,0.05271966527196653,,0.6736401673640168,1.1127065461141332,0.016654268322981364,-0.014967349999999992,0.0
StandardCausal,0.07623380328766083,0.06840923506677847,1.1111205532231396,-0.14427929995663558,0.5283765814678445,0.05271966527196653,,0.6736401673640168,1.1127065461141332,0.016654268322981364,-0.014967349999999992,0.0
