scenario,duration,buy_threshold,sell_threshold,tcost_bps,ann_return,ann_vol,sharpe,max_drawdown,calmar,avg_turnover,ending_equity_net,buy_count,hold_count,sell_count,periods
S010,8.5,0.31,-0.31,0.0,0.0837601104874881,0.06571905114772504,1.260635684154342,-0.14427929995663558,0.5805414256422297,0.04986033519553073,11.019773508942427,66,222,72,358
S010,8.5,0.31,-0.31,5.0,0.08343946405710567,0.06569882757207723,1.2564701996219108,-0.14453365289717202,0.5773012885550495,0.04986033519553073,10.922919768315511,66,222,72,358
S010,8.5,0.31,-0.31,10.0,0.0831188179377178,0.06567984555690909,1.2522784772990088,-0.1447880058377089,0.574072537685785,0.04986033519553073,10.826889085236171,66,222,72,358
S010,8.5,0.31,-0.31,25.0,0.08215688144541788,0.0656303592947279,1.2395478529134865,-0.14555106465931855,0.5644540054565516,0.04986033519553073,10.543668102623151,66,222,72,358
S010,8.5,0.31,-0.31,50.0,0.08055366017714771,0.0655728001895172,1.2178244739138184,-0.1468228293620012,0.5486453334756098,0.04986033519553073,10.087474270793543,66,222,72,358
