,ann_return,ann_vol,sharpe,max_drawdown,calmar,avg_turnover
EqualWeight25,0.04779224740623822,0.07180757515451636,0.6875760029015257,-0.268989713633188,0.177673141328411,0.0
BuyHoldSPX,0.08266221797183504,0.15280951532020395,0.5986201850291519,-0.5256047578474934,0.15727068055921187,0.0
60/40,0.06936597105806142,0.0932513995055224,0.7678702017279659,-0.307768553209842,0.22538355635952997,0.0
SimpleTrend,0.08624943795719764,0.12910389022507546,0.7077789569351693,-0.26716942561658086,0.3228267521934774,0.08100558659217877
PrimaryV1,0.07092419943478778,0.07672121277401321,0.9337938790632342,-0.16767783111002332,0.4229789887266029,0.17248603351955302
