scenario,duration,buy_threshold,sell_threshold,tcost_bps,ann_return,ann_vol,sharpe,max_drawdown,calmar,avg_turnover,ending_equity_net,buy_count,hold_count,sell_count,periods
S010,8.5,0.0001,-0.0001,0.0,0.06329698638716907,0.07695453172144481,0.8378592241870834,-0.22082102378745228,0.2866438407970365,0.18924581005586588,6.240150431218519,197,15,148,358
S010,8.5,0.0001,-0.0001,5.0,0.062094609982799254,0.07697246900273202,0.8229122724805233,-0.22394715437017487,0.27727349408583946,0.18924581005586588,6.033031755188641,197,15,148,358
S010,8.5,0.0001,-0.0001,10.0,0.06089299619357669,0.07699637676353743,0.8079096334127518,-0.22706230747122214,0.26817747459601704,0.18924581005586588,5.83268968976854,197,15,148,358
S010,8.5,0.0001,-0.0001,25.0,0.0572927294625305,0.07710386044990845,0.762603708829003,-0.2363422319685594,0.24241426927944112,0.18924581005586588,5.270172517995472,197,15,148,358
S010,8.5,0.0001,-0.0001,50.0,0.05130752736832389,0.0774016220808724,0.6863204441239452,-0.2515922915488591,0.20393123752903214,0.18924581005586588,4.449094089245025,197,15,148,358
