Model,Annualized Return,Volatility,Sharpe Ratio,Max Drawdown,Win Rate,Cumulative Return,Information Ratio,Strategy-SPX Correlation,Indicator Pair Correlation,Indicator-to-SPX Correlation,Precision,Recall,F1 Score,Periods
Primary Joubert+QuantAtoZ,0.08737696003428552,0.14878363513043763,0.5872753408510467,-0.4845888635777462,0.6443514644351465,4.3036011540102335,-0.028619292112233276,0.9837431581877806,0.28212125404640936,0.03637448593568579,0.6623931623931624,0.9872611464968153,0.7928388746803069,239
Buy & Hold SPX,0.08782884190181162,0.1512025581786347,0.5808687561889548,-0.5255586105409904,0.6569037656903766,4.347670866892174,0.0,1.0,,,0.6569037656903766,1.0,0.7929292929292928,239
60/40 SPX-Treasury,0.0683661092895329,0.18199461189666027,0.3756490842066928,-0.46824263753154594,0.6150627615062761,2.732576484540195,-0.08522784848101793,0.601144357763537,,,0.6569037656903766,1.0,0.7929292929292928,239
EqualWeight 25/25/25/25,0.04157428567320265,0.12294545592545854,0.33815227541560394,-0.3440017521690175,0.602510460251046,1.250768367541765,-0.3857536600052018,0.6128235944834022,,,0.6569037656903766,1.0,0.7929292929292928,239
Simple Trend (SMA10/12),0.07341892227970792,0.11984451037547263,0.6126181503824129,-0.22527479294394115,0.5230125523012552,3.1003490812530856,-0.19029426670533994,0.7861845760887686,,,0.6613756613756614,0.7961783439490446,0.722543352601156,239
